topic,1,2,3,4,5,6,7,8,9,10
0,client,screen,major,prefer,keyboard,touch,cozy,mouse,convince,cable
1,never,weekend,market,door,alone,behind,deadline,comfy,alarm,nowhere
2,much,lead,everyday,active,pressure,recognize,rush,wrap,decrease,outcome
3,one,place,yet,given,cold,buddy,stock,asleep,addition,surround
4,base,TRUE,amount,salary,lower,conversation,appreciate,insurance,higher,restaurant
5,right,real,future,light,unless,step,totally,forever,term,hopefully
6,new,anyone,else,york,receive,cover,copy,kit,relatively,asap
7,back,love,create,putting,energy,webex,playlist,ultimately,spotify,compassion
8,find,desk,ever,spend,chair,remember,table,quality,investment,standing
9,bad,pandemic,phone,fast,partner,perk,hand,kitchen,services,direct
10,today,bonus,register,deal,choose,freedom,webinar,department,avoid,curious
11,people,really,help,covid,person,picture,effort,search,web,leaders
12,everyone,making,low,healthy,ice,cream,excellent,physically,bottle,mentally
13,ill,monday,tomorrow,together,process,monitor,routine,begin,sharing,workspace
14,team,project,member,computer,except,normally,planning,truly,tiny,neighborhood
15,give,live,though,believe,save,depend,wish,assistant,additional,afford
16,first,coffee,literally,head,data,drink,recommend,win,highly,science
17,space,winter,concern,style,donut,organize,serve,trouble,presentation,strange
18,benefit,busy,channel,successful,box,thankful,sun,brain,lunchtime,patio
19,happy,schedule,question,reach,click,relate,beauty,present,potential,hawaii
20,going,try,next,already,interest,setup,starting,yoga,posting,roommate
21,since,seem,sell,near,everywhere,display,external,miracle,minor,score
22,set,training,husband,force,gym,reality,exercise,study,across,equipment
23,time,read,clothes,grab,puppy,hospital,anxiety,national,mexico,bark
24,office,without,close,essential,washington,short,refer,daycare,hello,seattle
25,link,daughter,review,bio,immediately,date,daddy,suggestion,deck,meaning
26,call,always,happen,found,guess,conference,simply,gift,fight,possibly
27,week,two,least,story,power,clean,jersey,pain,fear,agency
28,etc,times,walk,hit,whatever,update,hold,supply,shopping,steps
29,enough,early,answer,return,catch,sweet,tweet,beyond,pup,sunset
30,thanks,case,per,minutes,however,park,costs,saving,medical,recommendation
31,tip,lack,technology,saw,inside,neighbor,distract,thread,tablet,cell
32,friend,around,car,traffic,attention,solution,activity,invest,multiple,overall
33,days,month,income,follow,ways,entire,tonight,commuting,finding,testing
34,think,le,area,productive,gon,switch,special,front,period,reduce
35,online,enjoy,coworkers,finally,hot,awesome,negative,norm,lately,pot
36,lol,plus,fucking,towards,resume,remain,blow,arrive,powerful,congrats
37,lunch,eat,snack,wash,eyes,luckily,bore,dish,glass,bowl
38,come,tell,idea,situation,currently,either,hands,responsible,scale,washing
39,little,health,face,forget,mental,waiting,ass,shower,sunday,fill
40,sure,care,taking,email,please,add,sign,document,shout,stays
41,pay,possible,cat,hall,interview,terms,expert,smart,thru,garbage
42,good,morning,message,baby,state,favorite,struggle,flexible,code,actual
43,run,entrepreneur,goal,result,weather,bill,platform,common,suggest,adult
44,post,things,miss,million,far,list,visit,single,quickly,field
45,great,thing,check,whole,shop,hate,running,virus,feature,everyones
46,better,old,due,challenge,learning,student,keeping,via,teach,nature
47,city,left,bed,strong,setting,handle,model,wifi,straight,sat
48,require,pick,number,writing,american,wide,lesson,math,assignment,extreme
49,leave,design,san,self,ability,easily,user,invite,isolation,hurt
50,also,point,tuesday,general,tough,nearly,ignore,sport,implement,entry
51,every,maybe,hour,laptop,min,throw,stretch,jumping,glue,jacks
52,house,likely,fall,sitting,manage,pass,eating,body,street,speak
53,daily,meet,beach,nap,playing,cost,connect,bedroom,hang,soft
54,experience,complete,crazy,article,quiet,task,connection,requirement,interrupt,peep
55,bit,product,sometimes,excite,age,worry,minute,whenever,exhaust,scare
56,kind,class,productivity,afternoon,finish,professional,saying,fit,track,quote
57,years,full,world,hope,ago,child,country,snow,shift,foot
58,second,rest,workout,total,mile,bus,monthly,mode,round,links
59,many,others,past,chance,difficult,lost,weight,practice,inspire,four
60,instead,texas,yesterday,news,beautiful,pants,serious,decade,investing,aware
61,getting,friday,plan,course,site,access,fully,zoomus,host,honor
62,get,say,do,something,break,thought,here,appointment,captiva,reenactment
63,hair,expect,trade,white,trust,owner,bless,mix,source,skin
64,join,especially,mean,feeling,virtual,chat,background,reading,relax,voice
65,company,stuff,hear,financial,anywhere,local,economy,hustle,generate,telling
66,could,watch,offer,important,note,season,doctor,release,episode,beer
67,dream,fine,policy,research,digital,glad,tool,transition,cook,stream
68,free,wednesday,roll,wine,square,bagel,bronx,paragon,msnamastech,westchester
69,day,global,sales,lockdown,quick,gig,knock,item,tons,former
70,spectrumnewsky,northsouthclub,hader,reenactment,wiigs,captiva,hellllloooo,lupes,preorders,westchester
71,probably,anything,stop,yeah,google,talking,giving,improve,coronavirus,file
72,best,cash,wonder,water,store,cup,tea,closet,ground,hide
73,boss,talk,half,agree,north,comfortable,young,remind,eye,shut
74,mostly,location,mindset,pajama,content,individual,kick,attend,final,exact
75,use,easy,open,fun,trip,send,pet,involve,word,grade
76,want,share,cool,isolate,trick,spirit,hellllloooo,wiigs,captiva,reenactment
77,commute,play,helping,listen,fix,nobody,pro,podcast,pull,refuse
78,like,look,wear,mention,specific,solid,dedicate,slack,collection,pjs
79,even,go,simple,remotely,clear,folks,listening,event,main,earlier
80,side,means,sleep,facebook,amazon,spot,couch,pair,accomplish,official
81,view,top,success,medium,black,floor,basic,poor,attire,peak
82,make,money,earn,marketing,perfect,price,relationship,fellow,explore,effectively
83,big,remote,employee,figure,workplace,organization,private,secure,machine,thankfully
84,thank,support,parent,super,staff,corporate,launch,decision,record,youtube
85,room,turn,decide,include,quarantine,balance,limited,cute,achieve,dining
86,part,coming,continue,bank,music,account,sense,along,usa,april
87,nothing,late,rather,girl,spring,ahead,grocery,weekly,rock,emergency
88,fire,air,fresh,page,noise,chicago,prevent,ball,tie,parts
89,another,learn,wearing,program,party,massive,boundary,christmas,maintain,separate
90,able,nice,normal,bring,train,lady,unfortunately,despite,piss,appearance
91,meeting,zoom,sound,test,whether,okay,virginia,loud,dealing,programming
92,change,become,wait,mask,teacher,makeup,report,tire,progress,human
93,works,tech,watching,cut,public,industry,raise,several,proud,prove
94,order,comment,high,apply,drop,deliver,affect,app,card,delivery
95,way,california,problem,show,level,must,personal,skill,los,angeles
96,work,home,working,lots,supporting,shorts,onto,porch,loads,breeze
97,life,hours,internet,building,software,bag,prepare,wow,throughout,assign
98,family,wife,hire,middle,oregon,recent,joy,importantly,hearing,portland
99,well,stay,hard,buy,safe,role,moment,latest,gaming,pray
100,looking,put,affiliate,guy,couple,mine,wrong,forward,cause,economic
101,still,shit,florida,stress,fact,text,east,stupid,jump,wave
102,know,actually,someone,info,three,community,choice,resource,kinda,bet
103,outside,focus,quite,grateful,privilege,seeing,welcome,window,warm,motivate
104,see,away,small,group,soon,later,colleague,attempt,bathroom,non
105,start,ask,network,different,option,consider,book,increase,series,factor
106,take,business,lot,allow,employer,management,completely,asking,imagine,advice
107,let,issue,almost,line,realize,large,twitter,difference,interaction,camera
108,living,build,stick,apartment,notice,feed,storm,extremely,officially,cooking
109,mom,food,demand,meal,growth,letting,brother,shake,enter,capital
110,amp,might,provide,service,studio,slow,response,walking,attitude,extend
111,night,advantage,bunch,typically,center,empty,action,mandatory,mountain,typical
112,may,using,social,extra,travel,march,distance,basically,worse,america
113,video,amaze,game,worth,available,hey,webcam,warrior,avaya,reenactment
114,job,feel,last,opportunity,huge,dress,hell,lazy,edition,upper
115,keep,end,longer,dinner,breakfast,exist,shirt,calling,reward,smile
116,long,school,sick,often,name,wake,matter,impact,firm,piece
117,would,pretty,everything,man,sent,green,ohio,mad,tho,cookie
118,kid,coworker,following,laugh,pic,song,therapist,covering,wiigs,hader
119,understand,risk,thinking,felt,senior,plant,imo,stressful,responsibility,confuse
120,move,ready,manager,current,usually,environment,thursday,information,central,crisis
121,dog,worker,fuck,leaving,god,helpful,luxury,obviously,lovely,joining
122,year,yes,mind,value,sit,write,similar,purchase,stand,anymore
123,positive,regular,county,explain,zone,words,childcare,housing,fitness,flex
124,need,system,upgrade,spending,contact,plenty,boost,avon,fashion,somebody